{
  "accuracy": 0.9877258779406751,
  "precision": 0.9838107098381071,
  "recall": 0.9937106918238994,
  "f1": 0.9887359198998749,
  "roc_auc": 0.9989282887743108,
  "n_train": 33237,
  "n_test": 5866
}